company_name,Bio
1,"We are a Web Design & Development | Mobile App | E commerce company with Personalized world class Mobile and Web solutions for your business. Proven expertise and dozens of successfully completed projects. Agile software development process according to corporate standards.
 
 We offer customized and high-quality services at affordable prices. We promise quick turnaround times, great customer service and 100% original designs and development!
 Our Specialty lies in our years of experience, efficient Human Resource and our expertise in developing user friendly, affordable, Search Engine friendly web solutions."
2,"We think big, design smart and develop fast. We create bespoke mobile solutions by evaluating the business aspect of each mobile endeavour and maximizing its potential through Discovery and Digital Innovation. Our extensive forte gained in Android and iOS platform development has made us a reliable partner for both enterprises as well as for the start-ups. Our 7+ years of experienced engineering team develops creative and result-driven solutions"
3,"In 2007 we began building mobile applications. Today, we’ve built over 400. WillowTree believes in the simple goal of delivering the best mobile development services to our clients. Our belief in ensuring mobile app projects run smoothly, strategically and predicatably has made us recognized as one of the top app development companies in the industry. Building you the best app possible is critical and so is the process it takes to"
4,"We think big, design smart and develop fast. We create bespoke mobile solutions by evaluating the business aspect of each mobile endeavour and maximizing its potential through Discovery and Digital Innovation. Our extensive forte gained in Android and iOS platform development has made us a reliable partner for both enterprises as well as for the start-ups. Our 7+ years of experienced engineering team develops creative and result-driven solutions"
5,Appster is the fastest growing app development company with a focus on working with people with incredible ideas. We have a vision of being the most innovative development company in the app ecosystem. Our goal is to crowdsource the most incredible ideas and innovations and partner them with the right people to make them happen. We empower everyday people to build tech companies and ‘disruptive’ products even if they don’t ha
6,"NMG is a global full-cycle software development company building advance websites, software and mobile apps using latest technologies since 2008. We are proud to build strategies and processes that help our clients achieve their goals. NMG is chosen by more than 300 smart business owners and entrepreneurs who are looking to take their businesses to the next level. We provide personalized form of engagements by appointing teams that understand your business and your customers. Our clients have been able to create scalable apps that respond to complex customer and business needs."
7,"Nextyug India E-Consultants is a renowned name in IT Consultation and Service feild. The company was established in 2013. The company serves client in feild of IT Consultation, ERP Development, Web Designing, Web Development, Digital Marketing and Mobile Application Development."
8,"Vethics Solutions LLP is a diversified global software development and IT outsourcing company that gives both offshore and onshore technological solutions to business enterprises around the world. Vethics Solutions LLP has proven expertise in encompassing low cost, but high quality and reliable software solutions and services in areas like IT consulting, offshore web development and business applications including e commerce, e-learning, finance, manufacturing, content management and many other business systems.
 
 We highly value professionalism and hold our self strictly accountable to represent our client’s brand. we aim to form a long-term working relationship. 
 WHAT WE DO:
 Graphic Designing & Animations
 Website Development
 Mobile Application Development (iOS & Android)
 UI/UX
 SEO & Digital Marketing
 Logo Design & stationary design"
9,"Driven by the mission of 'Helping Clients Succeed through Innovative Business Solutions', ‘All e Technologies’ (Alletec) has been a leading provider of Business Technology Solutions and IT Services to Growth Companies since 2000. Recognized by Microsoft consistently since 2004 to be amongst the top ‘Microsoft Business Solutions’ partners in India, and part of their global elite ‘Inner Circle’ and &ls"
10,"Nextyug India E-Consultants is a renowned name in IT Consultation and Service feild. The company was established in 2013. The company serves client in feild of IT Consultation, ERP Development, Web Designing, Web Development, Digital Marketing and Mobile Application Development."
